{"Validation loss partition num: 0": 3.715951919555664, "_timestamp": 1685697387.3595421, "_runtime": 67.9671401977539, "_step": 4974, "Validation Loss num: 0": 0.06094173867185914, "Train Loss num: 0": 0.06142731219114248, "Accuracy partition num: 0": 7.822320233125935, "_wandb": {"runtime": 70}}