{"Validation loss partition num: 0": 0.5443124175071716, "_timestamp": 1685693117.5065877, "_runtime": 681.2435777187347, "_step": 44909, "Validation Loss num: 0": 0.004610122989423352, "Train Loss num: 0": 0.006285813400133794, "Accuracy partition num: 0": 82.2761282192644, "Validation loss partition num: 1": 0.6423354148864746, "Validation Loss num: 1": 0.004827290141996534, "Train Loss num: 1": 0.006556566386249847, "Accuracy partition num: 1": 81.81145152398204, "Validation loss partition num: 2": 0.8811356425285339, "Validation Loss num: 2": 0.005231800439029714, "Train Loss num: 2": 0.007013405845517913, "Accuracy partition num: 2": 80.29298259431361, "_wandb": {"runtime": 667}}